,name,RR@10,nDCG@10,AP@100
0,GTE,0.2712002415949774,0.40515625654353365,0.2805210477323725
