,name,RR@10,nDCG@10,AP@100
0,GTE,0.31045152295152195,0.4532689310547566,0.31613635487816305
