,name,RR@10,nDCG@10,AP@100
0,GTE,0.31379687958635244,0.4553401397669674,0.31966130282488947
