,name,RR@10,nDCG@10,AP@100
0,GTE,0.29055295897401073,0.42884045595767106,0.29827066101683075
