,name,RR@10,nDCG@10,AP@100
0,Artic,0.24998814604077685,0.3779383653435376,0.2613312421553032
