,name,RR@10,nDCG@10,AP@100
0,Artic,0.24694901668585795,0.37421679884285913,0.25786188101698027
