,name,RR@10,nDCG@10,AP@100
0,Artic,0.2416150172729112,0.3671723381605454,0.25271700327338337
