,name,RR@10,nDCG@10,AP@100
0,Artic,0.24217723362460125,0.3678199461469073,0.2533696031085112
