,name,RR@10,nDCG@10,AP@100
0,Artic,0.24102683510578166,0.3665294720605269,0.25211979719786665
