,name,RR@10,nDCG@10,AP@100
0,BGE,0.2431148253516667,0.3687730441773995,0.2543908755467586
