,name,RR@10,nDCG@10,AP@100
0,BGE,0.25162314570209227,0.3802631391602529,0.2621275745719139
