,name,RR@10,nDCG@10,AP@100
0,BGE,0.24171718711192317,0.36727767266050654,0.2529270697733614
