,name,RR@10,nDCG@10,AP@100
0,BGE,0.2627579647316481,0.3941396336979287,0.27261336717259843
