,name,RR@10,nDCG@10,AP@100
0,BGE,0.24121141818510156,0.3666852487400616,0.25232933136523916
