,name,RR@10,nDCG@10,AP@100
0,BM25 >> FF,0.24970760233918085,0.3776998022813172,0.2610898753130363
