,name,RR@10,nDCG@10,AP@100
0,BM25 >> FF,0.25116535708640925,0.3792378227170863,0.26253047726873013
