,name,RR@10,nDCG@10,AP@100
0,BM25 >> FF,0.248541398541398,0.37658100129715155,0.25991009149400085
