,name,RR@10,nDCG@10,AP@100
0,BM25 >> FF,0.262601040890514,0.39235275653592666,0.2736825777951334
