,name,RR@10,nDCG@10,AP@100
0,BM25 >> FF,0.2578930434193586,0.3869428547333257,0.2691265264305261
