,name,RR@10,nDCG@10,AP@100
0,BM25 >> FF,0.24839548194811295,0.37637367281833156,0.2599096664804023
