,name,RR@10,nDCG@10,AP@1000
0,Artic norm,0.9483333333333335,0.7805952524543014,0.25675672936153243
