,name,RR@10,nDCG@10,AP@1000
0,Artic norm,0.95,0.8052674387157892,0.25494276865182736
