,name,RR@10,nDCG@10,AP@1000
0,Artic norm,0.96,0.7984111127068547,0.2528282247473399
