,name,RR@10,nDCG@10,AP@1000
0,Artic norm,0.96,0.809278508943893,0.25685019117952806
