,name,RR@10,nDCG@10,AP@1000
0,Artic norm,0.9566666666666666,0.8074215948574729,0.260943720520376
