,name,RR@10,nDCG@10,AP@1000
0,Artic norm,0.904,0.7003927772893593,0.22919796119907915
