,name,RR@10,nDCG@10,AP@100
0,BM25 >> FF,0.2519559032716924,0.3788388737139257,0.26277742796110515
