,name,RR@10,nDCG@10,AP@100
0,BM25 >> FF,0.24424772516877738,0.36914115208114573,0.2558653915038343
