,name,RR@10,nDCG@10,AP@100
0,BM25 >> FF,0.24131725710673052,0.3652687984212522,0.2532224245270636
