,name,RR@10,nDCG@10,AP@100
0,BM25 >> FF,0.24321784190205212,0.3677008878335801,0.254749460979886
