,name,RR@10,nDCG@10,AP@100
0,BM25 >> FF,0.24850414324098524,0.3751435389178145,0.259394927138088
