,name,RR@10,nDCG@10,AP@1000
0,Artic norm,0.24970760233918085,0.3776998022813172,0.26115316314069403
