,name,RR@10,nDCG@10,AP@1000
0,Artic norm,0.24839548194811295,0.37637367281833156,0.259971190649477
