,name,RR@10,nDCG@10,AP@1000
0,Artic norm,0.262601040890514,0.3923527565359266,0.2736991476399354
