,name,RR@10,nDCG@10,AP@1000
0,Artic norm,0.2578930434193586,0.3869428547333257,0.26916012391901056
