,name,RR@10,nDCG@10,AP@1000
0,Artic norm,0.2635623405360239,0.3957299489337553,0.27390748456962305
