,name,RR@10,nDCG@10,AP@1000
0,Artic norm,0.2511653570864093,0.3792378227170863,0.26258874532471804
